{
  "baseline_results": {
    "both": {
      "0.0": 0.7897619262762143,
      "0.2": 0.7065627677410007,
      "0.4": 0.6486579079302011,
      "0.6": 0.6134570670982658
    },
    "images": {
      "0.0": 0.7897619262762143,
      "0.2": 0.726285519430866,
      "0.4": 0.6753359167046481,
      "0.6": 0.6184521468623345
    },
    "text": {
      "0.0": 0.7897619262762143,
      "0.2": 0.7544146052737937,
      "0.4": 0.7262096338324583,
      "0.6": 0.6973817063313633
    }
  },
  "aecf_results": {
    "both": {
      "0.0": 0.7871389013496207,
      "0.2": 0.7513954261795298,
      "0.4": 0.7199636565601385,
      "0.6": 0.705140899936782
    },
    "images": {
      "0.0": 0.7871389013496207,
      "0.2": 0.7638820283001417,
      "0.4": 0.7387507013443633,
      "0.6": 0.7154819875974028
    },
    "text": {
      "0.0": 0.7871389013496207,
      "0.2": 0.7691420286539158,
      "0.4": 0.7547918938196474,
      "0.6": 0.7409945699707909
    }
  },
  "average_improvement_percent": 7.9878242613743495,
  "missing_ratios": [
    0.0,
    0.2,
    0.4,
    0.6
  ],
  "device": "CPU",
  "data_source": "existing_features_normalized"
}